{"cameraMode":{"drawMode":0,"name":"Shaded","section":"Shading Mode"},"sceneLighting":false,"audioPlay":false,"sceneViewState":{"m_AlwaysRefresh":false,"showFog":true,"showSkybox":false,"showFlares":true,"showImageEffects":true,"showParticleSystems":true,"showVisualEffectGraphs":true,"m_FxEnabled":true},"in2DMode":false,"pivot":{"x":2.064088821411133,"y":0.9399999976158142,"z":-0.05702216923236847},"rotation":{"x":-0.009309004992246628,"y":-0.01440358441323042,"z":0.00013607254368253052,"w":-0.9998634457588196},"size":0.32036280632019045,"orthographic":false}